Modelo,Accuracy,CV Mean,CV Std
XGBoost,0.975,0.9712500000000001,0.009354143466934858
LightGBM,0.975,0.9775,0.008477912478906582
